title,tag,link,description,date
What is a low-interest personal loan?,loans,https://www.bankrate.com//loans/personal-loans/what-is-a-low-interest-personal-loan/,You’ll need excellent credit and good finances to qualify.,"Sep 12, 2024"
Best small personal loans,loans,https://www.bankrate.com//loans/personal-loans/small-loan/,"Most banks don’t offer small loans, so be careful when you find a lender that does.","Sep 08, 2024"
Personal loan interest rates in 2024 | Facts and statistics,loans,https://www.bankrate.com//loans/personal-loans/interest-rate-statistics/,"Interest rates are rising, so what does that mean for your finances?","Sep 04, 2024"
Should I get a personal loan? Here are the pros and cons,loans,https://www.bankrate.com//loans/personal-loans/pros-cons-of-personal-loans/,"Personal loans are a quick source of cash, but be careful how you use them.","Sep 04, 2024"
4 ways a personal loan could help you save money,loans,https://www.bankrate.com//loans/personal-loans/ways-a-personal-loan-can-help-save-money/,A personal loan might be the key to getting the money you need without added costs.,"Sep 08, 2024"
How to compare personal loans and choose the best option for you,loans,https://www.bankrate.com//loans/personal-loans/how-to-choose-the-best-personal-loan-lender/,"To choose the best personal loan lender, you need to consider several important details.","Sep 13, 2024"
How a loan can help weatherproof your home before extreme weather hits,loans,https://www.bankrate.com//loans/personal-loans/protect-your-home-with-a-loan/,Find out how the right loan can help you pay for extreme weather improvements.,"Sep 04, 2024"
When to use a personal loan to pay off credit card debt,loans,https://www.bankrate.com//loans/personal-loans/using-personal-loan-to-pay-off-debt/,Taking on still more debt in pursuit of a goal can sometimes make sense. Here’s when.,"Sep 04, 2024"
How the Federal Reserve impacts personal loans,loans,https://www.bankrate.com//loans/personal-loans/how-the-latest-fed-meeting-impacts-personal-loans/,The Federal Reserve raised interest rates several times. These interest rate changes are likely to affect the rates of personal loans.,"Sep 13, 2024"
The best way to pay off a personal loan: Our tips,loans,https://www.bankrate.com//loans/personal-loans/how-to-manage-your-personal-loan/,Making a plan to manage your loan will set you up for success.,"Sep 13, 2024"
How much of a personal loan can I get in 2024?,loans,https://www.bankrate.com//loans/personal-loans/how-big-of-a-loan-can-i-get/,The total amount you qualify for largely depends on your finances.,"Jun 17, 2024"
Applying for a loan online vs. in person: Which is better?,loans,https://www.bankrate.com//loans/personal-loans/online-vs-in-person-personal-loan-application/,Weigh applying for a loan online vs. in person before you dive in.,"Jun 17, 2024"
Loan origination fees: Everything you need to know,loans,https://www.bankrate.com//loans/personal-loans/personal-loan-origination-fees/,The interest rate alone doesn’t necessarily tell the whole story about what you owe.,"Jun 18, 2024"
"Is buying an RV worth it, or should you just rent one?",loans,https://www.bankrate.com//loans/personal-loans/should-you-buy-or-rent-an-rv/,Should you buy or rent an RV? It depends on your travel plans.,"Jul 02, 2024"
Avant vs. OneMain Financial: Which offers better personal loans?,loans,https://www.bankrate.com//loans/personal-loans/avant-vs-onemain-financial/,Avant and OneMain Financial cater to borrowers with bad to fair credit scores.,"Sep 10, 2024"
"Struggling with buy now, pay later? You’re not alone.",loans,https://www.bankrate.com//loans/personal-loans/what-to-do-if-you-struggle-with-buy-now-pay-later-payments/,BNPL can lead to overspending. Here’s what to do if you’re having issues paying.,"Jun 28, 2024"
OppLoans vs. NetCredit: Which offers better personal loans?,loans,https://www.bankrate.com//loans/personal-loans/opploans-vs-netcredit/,It can be challenging to get a personal loan with less-than-perfect credit. Lenders like OppLoans and NetCredit understand the struggles faced by consumers with poor credit and offer tailored lending solutions [...],"Sep 03, 2024"
How much boat can I afford? 4 steps to find your budget,loans,https://www.bankrate.com//loans/personal-loans/how-much-boat-can-i-afford/,Learn how to calculate how much boat you can afford.,"Jun 17, 2024"
Pros and cons of emergency loans: How to tell if one is right for you,loans,https://www.bankrate.com//loans/personal-loans/pros-and-cons-of-emergency-loans/,"Find out if an emergency loan makes sense, or if you should use another option.","Jun 19, 2024"
What happens to a loan if a bank fails? Here’s what to know,loans,https://www.bankrate.com//loans/personal-loans/what-happens-to-a-loan-if-a-bank-fails/,Find out what happens if a lender goes bankrupt.,"Jun 17, 2024"
Types of credit-building products and how to use them,loans,https://www.bankrate.com//loans/personal-loans/different-types-of-credit-building-products/,Different types of credit-building products available,"Aug 06, 2024"
Debt consolidation without a loan: Here’s how to do it,loans,https://www.bankrate.com//loans/personal-loans/debt-consolidation-loan-alternatives/,Home equity loans or balance transfer cards may be a better way to consolidate debt.,"Aug 12, 2024"
How to choose the best credit-builder loan for you,loans,https://www.bankrate.com//loans/personal-loans/how-to-choose-credit-builder-loan/,Compare a few credit-builder loan options to secure the right one for you.,"Aug 05, 2024"
When to finance a cross-country move with a personal loan,loans,https://www.bankrate.com//loans/personal-loans/when-to-finance-a-cross-country-move-with-a-personal-loan/,"Picking up and moving across the country is no easy feat. From organizing your belongings, packing up, moving yourself and making a new space a home, the whole process can be overwhelming. The cost of [...]","Aug 12, 2024"
Personal loan alternatives for bad-credit borrowers,loans,https://www.bankrate.com//loans/personal-loans/alternatives-to-bad-credit-loans/,There are alternatives to bad credit loans if you need money.,"Aug 27, 2024"
How to finance a mobile or manufactured home,loans,https://www.bankrate.com//loans/personal-loans/how-to-buy-a-mobile-home/,Looking for an inexpensive housing option? Check out a mobile home.,"Aug 16, 2024"
Pros and cons of home improvement loans: Are they worth it?,loans,https://www.bankrate.com//loans/personal-loans/pros-and-cons-of-home-improvement-loans/,Home improvement loans are worth it if you budget and plan carefully for payments.,"Aug 29, 2024"
5 types of emergency loans and their uses,loans,https://www.bankrate.com//loans/personal-loans/types-of-emergency-loans/,"If saving up isn’t possible, shop around for the emergency loan with the best rate.","Aug 27, 2024"
Where can I get a bad credit loan?,loans,https://www.bankrate.com//loans/personal-loans/where-to-get-bad-credit-loans/,"Bad credit loans are available through online lenders, select community banks and credit unions.","Aug 27, 2024"
Alternatives to credit repair: 4 other paths to a better score,loans,https://www.bankrate.com//loans/personal-loans/alternatives-to-credit-repair/,"If you don’t want to pay a company, consider these credit repair alternatives.","Aug 12, 2024"
LightStream vs. SoFi: Which personal loan is right for you?,loans,https://www.bankrate.com//loans/personal-loans/lightstream-vs-sofi/,Compare SoFi vs LightStream to see which one is better for you.,"Aug 24, 2024"
"Has the buy now, pay later model changed American spending habits for good?",loans,https://www.bankrate.com//loans/personal-loans/buy-now-pay-later-impact-on-spending/,BNPL apps have altered American spending habits.,"Sep 13, 2024"
American Express vs. Discover: Which offers better personal loans?,loans,https://www.bankrate.com//loans/personal-loans/american-express-vs-discover/,Here are the main differences between Discover and American Express personal loans.,"Sep 03, 2024"
How to get a personal loan with bad credit,loans,https://www.bankrate.com//loans/personal-loans/how-to-get-a-bad-credit-loan/,You still can snag a personal loan with a low credit score. Here’s how.,"Aug 26, 2024"
What documentation is required for personal loans?,loans,https://www.bankrate.com//loans/personal-loans/documents-required-for-personal-loan/,"With no collateral required, you’ll be asked to prove that you can repay the debt.","Aug 27, 2024"
What is a bad credit personal loan? Here’s what to know,loans,https://www.bankrate.com//loans/personal-loans/what-is-a-bad-credit-personal-loan/,A bad credit personal loan can be a solution when someone might not qualify for other options.,"Aug 30, 2024"
Pros and cons of credit-building products,loans,https://www.bankrate.com//loans/personal-loans/pros-and-cons-credit-building-products/,Credit-building products can be useful in specific circumstances — find out if yours is one of them.,"Aug 26, 2024"
What to know about tax refund loans,loans,https://www.bankrate.com//loans/personal-loans/what-to-know-about-tax-refund-loans/,Tax refund loans may be an advantage or a disadvantage to someone based on their current circumstances.,"Aug 26, 2024"
Payday loans vs. installment loans: One is a much better option,loans,https://www.bankrate.com//loans/personal-loans/payday-loan-versus-installment/,"If you’ve got poor credit and need cash fast, here are safer ways to borrow.","Aug 26, 2024"
Apple Pay Later: 2024 Alternatives,loans,https://www.bankrate.com//loans/personal-loans/reviews/apple-pay-later/,Here are viable alternatives to Apple Pay Later that could work for you.,"Aug 21, 2024"
PenFed vs. SoFi: Which offers better personal loans?,loans,https://www.bankrate.com//loans/personal-loans/penfed-vs-sofi/,"PenFed and SoFi are two highly ranked lenders that offer personal loans with competitive rates. The major difference between the two is cost and speed. You may be funded a little more quickly with SoFi, [...]","Jul 02, 2024"
Emergency and payday loan alternatives that could save you money,loans,https://www.bankrate.com//loans/personal-loans/alternatives-to-payday-loans/,"Payday loans are an easy way to get cash, but they have sky-high interest rates.","Aug 02, 2024"
Weigh all your options: How to choose the best boat loan lender,loans,https://www.bankrate.com//loans/personal-loans/how-to-choose-the-best-boat-loan-lender/,"There isn’t a best boat lender, but certain ones can meet your needs more than others.","Jul 02, 2024"
How long does it take to get a loan? Tips to speed the process,loans,https://www.bankrate.com//loans/personal-loans/how-long-does-it-take-to-get-a-personal-loan/,It doesn’t take long at all to complete an application or receive your loan.,"Aug 01, 2024"
Should I buy a boat or rent one? Consider these factors,loans,https://www.bankrate.com//loans/personal-loans/buy-or-rent-boat/,"Buying or renting a boat depends on your wants, needs and financial situation when both options have pros and cons.","Jul 15, 2024"
Personify vs. OneMain Financial: Which offers better personal loans?,loans,https://www.bankrate.com//loans/personal-loans/personify-vs-onemain-financial/,"Personify and OneMain Financial offer personal loans for bad credit with small loan amounts and a wide range of terms. Each sets similar minimum personal loan rates starting in the double digits, but Personify’s [...]","Jul 18, 2024"
How to choose the best RV loan lender for you,loans,https://www.bankrate.com//loans/personal-loans/how-to-choose-the-best-rv-loan-lender/,Find the right lender by doing your research and prequalifying.,"Jul 02, 2024"
Can I take out multiple bad credit loans? Explore alternatives first,loans,https://www.bankrate.com//loans/personal-loans/can-i-take-out-multiple-bad-credit-loans/,Consider alternatives before taking out multiple bad credit loans.,"Jul 08, 2024"
How fast can you get a loan in an emergency?,loans,https://www.bankrate.com//loans/personal-loans/how-fast-can-you-get-an-emergency-loan/,Emergency loans are available within one to three business days after applying.,"Jul 02, 2024"
Is it hard to get a boat loan? It depends on these factors,loans,https://www.bankrate.com//loans/personal-loans/what-to-consider-before-getting-a-boat-loan/,Here are considerations before getting a boat loan.,"Aug 01, 2024"
Personal loans for college students: Should you ever consider one?,loans,https://www.bankrate.com//loans/personal-loans/personal-loans-for-students/,"If student loans don’t cover everything you need as a college student, a personal loan might be an option.","Jul 25, 2024"
How a personal loan can help you after a natural disaster,loans,https://www.bankrate.com//loans/personal-loans/4-ways-a-personal-loan-can-help-you-after-a-natural-disaster/,"When facing the financial burdens caused by extreme weather and natural disasters, a personal loan can provide essential assistance.","Aug 01, 2024"
Should I draw from my retirement accounts to pay for home improvements?,loans,https://www.bankrate.com//loans/personal-loans/should-i-use-retirement-for-home-improvement/,Withdrawing your retirement early to pay for home projects has both pros and cons.,"Jul 23, 2024"
5 things to know about unsecured home improvement loans,loans,https://www.bankrate.com//loans/personal-loans/unsecured-home-improvement-loan/,"If you’re weighing an unsecured loan to spruce up your home, ponder these points.","Aug 05, 2024"
How to get a small dollar loan: 3 steps to find one and apply,loans,https://www.bankrate.com//loans/personal-loans/how-to-get-a-small-dollar-loan/,Here’s where you can get a small dollar loan.,"Jul 19, 2024"
How to calculate interest on a loan: Tools to make it easy,loans,https://www.bankrate.com//loans/personal-loans/how-to-calculate-loan-interest/,Learn about types of interest and how to calculate how much interest you’ll pay.,"Aug 05, 2024"
How to compare credit repair companies & alternatives to consider,loans,https://www.bankrate.com//loans/personal-loans/how-to-compare-credit-repair-options/,"Before choosing a credit repair company, research its reputation, products and fees.","Jul 24, 2024"
How to compare installment loan lenders and find the best offer,loans,https://www.bankrate.com//loans/personal-loans/how-to-compare-installment-loan-lenders/,Find the best installment loan for your situation in 5 steps.,"Aug 06, 2024"
6 types of bad credit loans and their uses,loans,https://www.bankrate.com//loans/personal-loans/types-of-bad-credit-loans-and-their-uses/,People with bad credit may be able to qualify for certain types of bad credit loans.,"Aug 05, 2024"
Personal loans interest rate forecast for 2024: Rates may trend down with Fed cuts,loans,https://www.bankrate.com//loans/personal-loans/personal-loan-rates-forecast/,Average personal loan interest rates hover around 11 to 12 percent in late 2023.,"Jul 31, 2024"
Top 3 alternatives to installment loans,loans,https://www.bankrate.com//loans/personal-loans/alternatives-to-installment-loans/,"Installment loans can be useful, but inflexible. Try these options instead.","Sep 03, 2024"
What are unconventional personal loans?,loans,https://www.bankrate.com//loans/personal-loans/unconventional-personal-loans/,"If you have fair credit, you still have a chance at qualifying for a personal loan.","Aug 29, 2024"
Home improvement loans for seniors: Funding aging-in-place renovations,loans,https://www.bankrate.com//loans/personal-loans/home-improvement-loans-for-seniors/,"Though aging in place renovation costs may be high, there are ways to find funding.","Aug 27, 2024"
Boat loans for older boats vs. new boats,loans,https://www.bankrate.com//loans/personal-loans/new-vs-used-boat-loans/,The differences between financing a new boat vs. a used model.,"Aug 19, 2024"
How long are RV loan terms? And which is right for you?,loans,https://www.bankrate.com//loans/personal-loans/typical-rv-loan-terms/,"Low monthly payments are attractive, but a long RV loan term can add thousands.","Aug 19, 2024"
8 ways to spot personal loan scams and protect your finances,loans,https://www.bankrate.com//loans/personal-loans/personal-loan-scam-signs/,Follow these tips to avoid falling prey to personal loan fraudsters.,"Aug 19, 2024"
Should you use vacation loans to cover travel expenses?,loans,https://www.bankrate.com//loans/personal-loans/vacation-loans/,"Travel costs are going up, but more people want to go on trips. Are vacation loans the way to pay for travels?","Aug 19, 2024"
Upstart vs. SoFi: Which offers better personal loans?,loans,https://www.bankrate.com//loans/personal-loans/sofi-vs-upstart/,"Upstart and SoFi are both good lenders, but which one is right for you depends on your circumstances.","Sep 16, 2024"
"The top 6 buy now, pay later apps of 2024",loans,https://www.bankrate.com//loans/personal-loans/buy-now-pay-later-apps/,"Buy now, pay later apps should be used carefully","Aug 16, 2024"
The best debt consolidation loans for bad credit in 2024,loans,https://www.bankrate.com//loans/personal-loans/debt-consolidation-loans-with-bad-credit/,"If you plan to get a debt consolidation loan with poor credit, take these steps.","Aug 19, 2024"
Personify Financial vs. Upstart: Which offers better personal loans?,loans,https://www.bankrate.com//loans/personal-loans/personify-vs-upstart/,"Personify Financial and Upstart are online lenders that offer unsecured personal loans. Both work with borrowers who don’t have the best credit, but Upstart will be a better choice for most. It offers [...]","Jul 18, 2024"
Upstart vs. Best Egg: Which offers better personal loans?,loans,https://www.bankrate.com//loans/personal-loans/upstart-vs-best-egg/,Upstart and Best Egg are both good lenders for fair-credit borrowers.,"Jul 18, 2024"
SoFi vs. LendingClub: Which offers better personal loans?,loans,https://www.bankrate.com//loans/personal-loans/sofi-vs-lendingclub/,"SoFi and LendingClub are both popular online personal loan lenders, but they each have advantages and disadvantages.","Sep 16, 2024"
Upgrade vs. Upstart: Which offers better personal loans?,loans,https://www.bankrate.com//loans/personal-loans/upgrade-vs-upstart/,Upgrade vs. Upstart: Which personal loan is better?,"Jul 18, 2024"
Avant vs. Upstart: Which offers better personal loans?,loans,https://www.bankrate.com//loans/personal-loans/avant-vs-upstart/,"Avant has flexible guidelines, and Upstart lets you shop around for the best deal.","Jul 18, 2024"
How to finance a boat: 5 steps & where to find the best loans,loans,https://www.bankrate.com//loans/personal-loans/how-to-finance-a-boat/,"Boats can be expensive, but there are some financing options if you don’t have cash to purchase one outright.","Jul 18, 2024"
How does debt consolidation work? Answers from someone who’s done it,loans,https://www.bankrate.com//loans/personal-loans/how-debt-consolidation-loans-work/,It only makes sense to consolidate if you can get better rates or terms.,"Sep 13, 2024"
4 ways to get an emergency loan with bad credit,loans,https://www.bankrate.com//loans/personal-loans/how-to-get-an-emergency-loan-with-bad-credit/,Here’s how to increase your chances of getting approved with bad credit.,"Jul 18, 2024"
Can you have multiple installment loans?,loans,https://www.bankrate.com//loans/personal-loans/can-you-have-multiple-installment-loans/,Here are the pros and cons of having multiple installment loans.,"Aug 29, 2024"
Do installment loans build credit? Yes — here’s how,loans,https://www.bankrate.com//loans/personal-loans/do-installment-loans-build-credit/,"When managed well, installment loans can help improve or build your credit.","Jul 17, 2024"
Pros and cons of credit-builder loans: Will one work for you?,loans,https://www.bankrate.com//loans/personal-loans/pros-and-cons-of-credit-builder-loans/,Consider the benefits and drawbacks of a credit builder loan before applying.,"Aug 28, 2024"
What is a personal loan? What you should know before you apply,loans,https://www.bankrate.com//loans/personal-loans/what-is-a-personal-loan/,A personal loan is used for financing large purchases or covering major expenses.,"Sep 03, 2024"
Will an emergency loan impact my credit?,loans,https://www.bankrate.com//loans/personal-loans/will-an-emergency-loan-impact-your-credit/,An emergency loan will have some impact on your credit score — but it could be good.,"Aug 29, 2024"
6 personal loan mistakes that could cost you money,loans,https://www.bankrate.com//loans/personal-loans/personal-loan-mistakes/,Avoid these six common personal loan mistakes to save.,"Sep 13, 2024"
Can I get a personal loan to buy a house?,loans,https://www.bankrate.com//loans/personal-loans/can-i-get-a-personal-loan-to-buy-a-house/,A personal loan can help you buy a home,"Sep 03, 2024"
8 types of personal loans and their uses — plus 5 to avoid,loans,https://www.bankrate.com//loans/personal-loans/types-of-personal-loans/,Personal loans can be a good way to cover one-time expenses or consolidate debt.,"Aug 30, 2024"
No-credit-check loans: What are they and how do they work?,loans,https://www.bankrate.com//loans/personal-loans/no-credit-check-loans/,"If you have bad credit and need to borrow money, don’t get a no-credit-check loan.","Aug 29, 2024"
When and how to refinance a personal loan,loans,https://www.bankrate.com//loans/personal-loans/refinance-personal-loan/,"If you’re thinking about refinancing a personal loan, check these factors first.","Aug 27, 2024"
How to calculate loan payments and costs,loans,https://www.bankrate.com//loans/personal-loans/how-to-calculate-loan-payments/,Learn how to figure out how much interest you’ll pay and how you can save money.,"Aug 28, 2024"
"Roughly 30% back-to-school shoppers report going into debt over back-to-school shopping; is buy now, pay later the solution?",loans,https://www.bankrate.com//loans/personal-loans/bnpl-for-back-to-school-shopping/,Basic classroom necessities have fallen victim to higher costs — is BNPL a solution?,"Aug 29, 2024"
How to choose the best bad credit loan company,loans,https://www.bankrate.com//loans/personal-loans/how-to-choose-the-best-bad-credit-loan-company/,"Not all bad credit lenders are alike, so potential borrowers should choose carefully.","Sep 08, 2024"
Steps to prequalify for a personal loan,loans,https://www.bankrate.com//loans/personal-loans/steps-to-prequalify-for-personal-loan/,Learn how to prequalify for a personal loan.,"Sep 10, 2024"
What is the APR on a personal loan?,loans,https://www.bankrate.com//loans/personal-loans/what-is-the-apr-on-a-personal-loan/,An APR is a snapshot of how much your personal loan will cost each year.,"Sep 12, 2024"
How to get a personal loan with low interest rates,loans,https://www.bankrate.com//loans/personal-loans/how-to-qualify-for-low-interest-personal-loans/,Here’s how to qualify for a low-interest personal loan.,"Sep 12, 2024"
Private lenders vs banks: Which is better?,loans,https://www.bankrate.com//loans/personal-loans/private-lenders-vs-banks/,"Banks and private lenders both offer loans, but each has advantages and disadvantages over the other.","Sep 11, 2024"
Taking out a personal loan to buy a timeshare,loans,https://www.bankrate.com//loans/personal-loans/timeshare-loans-primer/,Here’s what to know before taking out a timeshare loan.,"Sep 10, 2024"
What is an unsecured loan?,loans,https://www.bankrate.com//loans/personal-loans/unsecured-loans-definition/,These loans don’t require collateral and typically charge higher interest rates.,"Sep 12, 2024"
10 alternatives to personal loans and who they’re for,loans,https://www.bankrate.com//loans/personal-loans/alternatives-to-personal-loans/,Personal loans aren’t the only way to get a substantial amount of cash quickly.,"Sep 16, 2024"
What is the average personal loan interest rate?,loans,https://www.bankrate.com//loans/personal-loans/average-personal-loan-rates/,"Personal loan interest rates today are unusually high, thanks to market forces.","Sep 11, 2024"
Can you get a loan with fair credit? Yes — here’s how,loans,https://www.bankrate.com//loans/personal-loans/can-you-get-a-personal-loan-with-fair-credit/,A fair credit score between 580 and 669 is enough to qualify for a personal loan.,"Sep 16, 2024"
What is an RV loan and how does it work?,loans,https://www.bankrate.com//loans/personal-loans/how-rv-loans-work/,Pay for your RV over time in equal installments using an RV loan.,"Aug 06, 2024"
What do lenders look for beyond your credit score?,loans,https://www.bankrate.com//loans/personal-loans/what-do-lenders-look-for-beyond-credit-score/,Why do lenders look at credit reports? Learn about lender approval factors.,"Aug 01, 2024"
Average credit score for personal loans,loans,https://www.bankrate.com//loans/personal-loans/average-credit-score-for-personal-loans/,"Before you get a personal loan, the lender will want to know what your credit score is.","Aug 08, 2024"
What’s the maximum home improvement loan amount you can get?,loans,https://www.bankrate.com//loans/personal-loans/how-much-can-you-borrow-with-a-home-improvement-loan/,Borrowing terms and limits will vary depending on which loan product you choose.,"Jun 10, 2024"
IVF loans: How to finance IVF and fertility treatments,loans,https://www.bankrate.com//loans/personal-loans/ivf-loans/,"You’ll need excellent credit and a solid income to get good rates on IVF loans. However, the best IVF financing for your cycle may come down to how much you need and how quickly you get the funds. Infertility [...]","Sep 16, 2024"
Life-changing companions: How to afford a service dog,loans,https://www.bankrate.com//loans/personal-loans/how-to-afford-a-service-dog/,"If you’re wondering how to get a service dog, start with these organizations.","Jun 10, 2024"
Achieve vs. Happy Money: Which loan is right for you?,loans,https://www.bankrate.com//loans/personal-loans/achieve-vs-happy-money/,Achieve and Happy Money are best for debt consolidation.,"Jun 17, 2024"
How to pay off a personal loan faster,loans,https://www.bankrate.com//loans/personal-loans/tips-to-pay-off-personal-loans-early/,"If you pay off your loans early, make sure it is the right move for your finances.","Jun 07, 2024"
How to get a credit-builder loan,loans,https://www.bankrate.com//loans/personal-loans/how-to-get-a-credit-builder-loan/,Getting a credit-builder loan is easier than getting a traditional loan.,"Jun 12, 2024"
Emergency loans: Everything you need to know,loans,https://www.bankrate.com//loans/personal-loans/what-is-an-emergency-loan/,Some types of emergency loans come with sky-high fees and interest rates.,"Jun 14, 2024"
How to improve your credit score with a personal loan,loans,https://www.bankrate.com//loans/personal-loans/improve-credit-score-with-personal-loan/,"A personal loan can help, but there are cheaper ways to bolster your credit score.","Aug 01, 2024"
What happens if I default on an installment loan?,loans,https://www.bankrate.com//loans/personal-loans/what-happens-when-you-default/,Here’s what happens when you default on a loan.,"Mar 20, 2024"
What you need to know about short-term loans,loans,https://www.bankrate.com//loans/personal-loans/risks-of-short-term-loans/,Short-term loans might be tempting for a quick bit of cash. Approach with caution.,"Aug 06, 2024"
What is a TSP loan?,loans,https://www.bankrate.com//loans/personal-loans/what-is-thrift-savings-plan-tsp-loan/,TSP loans can help federal employees cover big expenses.,"Mar 22, 2024"
Paying for van life,loans,https://www.bankrate.com//loans/personal-loans/van-life/,The Vanlife movement comes with costs adventures should prepare for.,"Mar 20, 2024"
How to pay off wedding debt,loans,https://www.bankrate.com//loans/personal-loans/how-to-pay-off-wedding-debt/,Learn tips on how to pay off wedding debt,"Apr 02, 2024"
Dental loans: How to finance dental costs,loans,https://www.bankrate.com//loans/personal-loans/dental-loans/,"Dental work can be expensive, but getting it done can save you money in the long run. If you’re strapped for cash, consider taking out a dental loan — a personal loan used to cover all dental expenses. [...]","Mar 18, 2024"
7 Best Loan Apps of March 2024,loans,https://www.bankrate.com//loans/personal-loans/the-best-apps-that-loan-money/,Loan apps can help you get money quickly.,"Apr 15, 2024"
What is joint borrowing?,loans,https://www.bankrate.com//loans/personal-loans/what-is-joint-borrowing/,Joint applications on personal loans may not always be the best idea. Here’s why.,"May 16, 2024"
5 tips for paying unexpected expenses,loans,https://www.bankrate.com//loans/personal-loans/personal-loans-for-unexpected-expenses/,A personal loan could be a good way to pay for emergencies.,"May 16, 2024"
"How to get a $35,000 personal loan: 5 tips worth knowing",loans,https://www.bankrate.com//loans/personal-loans/how-to-find-a-35000-personal-loan/,"Several lenders offer loans for $35,000.","Aug 01, 2024"
"How to find a $80,000 personal loan",loans,https://www.bankrate.com//loans/personal-loans/how-to-find-a-80000-personal-loan/,"Several lenders offer loans for $80,000.","Aug 01, 2024"
"How to get a $30,000 personal loan with any credit score",loans,https://www.bankrate.com//loans/personal-loans/how-to-find-a-30000-personal-loan-for-any-credit-score/,"Be prepared before taking a $30,000 loan","Sep 16, 2024"
"How to get a $10,000 personal loan",loans,https://www.bankrate.com//loans/personal-loans/how-to-get-a-10000-personal-loan/,"If you need a $10,000 loan, you will need to meet the requirements and find lenders that offer loans in that amount.","Aug 01, 2024"
How much can I borrow with a personal loan if I have bad credit?,loans,https://www.bankrate.com//loans/personal-loans/how-much-you-can-borrow-with-bad-credit/,Find out how much you could possibly borrow with bad credit.,"Sep 03, 2024"
Should I use a personal loan to pay for my child’s private school?,loans,https://www.bankrate.com//loans/personal-loans/should-i-use-a-personal-loan-for-k-12/,Here’s when to use a personal loan to pay for private school,"May 22, 2024"
M&T Bank vs. LightStream: Which offers better personal loans?,loans,https://www.bankrate.com//loans/personal-loans/mt-bank-vs-lightstream/,These lenders offer competitive options for personal loans if you have good credit.,"May 24, 2024"
Online cash advances: What they are plus alternatives,loans,https://www.bankrate.com//loans/personal-loans/online-cash-advance-alternatives/,Online cash advances may come with APRs in the triple digits.,"May 20, 2024"
The best ways to borrow money,loans,https://www.bankrate.com//loans/personal-loans/the-best-ways-to-borrow-money/,You can save money if you borrow money wisely.,"May 16, 2024"
"How do boat loans work, and are they the best way to finance a boat?",loans,https://www.bankrate.com//loans/personal-loans/how-boat-loans-work/,Find out all you need to know about how boat loans work.,"Aug 06, 2024"
"How to get a $40,000 personal loan: Your best options in 2024",loans,https://www.bankrate.com//loans/personal-loans/get-a-40000-personal-loan-options-for-unsecured-loans/,"Make sure you get the right lender for a $40,000 loan.","Sep 16, 2024"
Can you get emergency loans with no job? Yes — here’s how,loans,https://www.bankrate.com//loans/personal-loans/can-you-get-an-emergency-loan-with-no-job/,Employment isn’t the only income source considered by lenders.,"Jun 05, 2024"
How to get out of a title loan: 5 legal title loan loopholes,loans,https://www.bankrate.com//loans/personal-loans/how-to-get-out-of-a-title-loan/,There are five main ways to get out of a car title loan.,"May 03, 2024"
Why did my credit score drop after paying off debt?,loans,https://www.bankrate.com//loans/personal-loans/credit-score-fall-after-paying-loan/,Many factors determine credit scores. Here’s what can bite into yours.,"May 07, 2024"
The easiest loans to get,loans,https://www.bankrate.com//loans/personal-loans/easiest-loans/,Just because a loan is easy to get approved for doesn’t mean it’s the best option.,"Aug 29, 2024"
Truist Ready Now Personal Loan: 2024 Review,loans,https://www.bankrate.com//loans/personal-loans/truist-ready-now/,"Truist offers personal loans, but its Ready Now product has become a line of credit.","May 16, 2024"
Survey: 47% of Americans say money is negatively impacting their mental health,loans,https://www.bankrate.com//loans/personal-loans/money-and-mental-health-survey/,Money negatively impacts more Americans’ mental health than work or the news.,"Aug 01, 2024"
Direct deposit loans: 7 alternative loans with fast funding times,loans,https://www.bankrate.com//loans/personal-loans/alternatives-to-direct-deposit-loans/,"Direct deposit loans can cost a lot of money in the long run, so here are nine alternatives with fast funding times.","May 03, 2024"
How much does a boat cost to purchase and own?,loans,https://www.bankrate.com//loans/personal-loans/cost-of-owning-a-boat/,"If you are interested in buying a boat and setting sail on the open water, you have a lot of costs to consider.","Apr 29, 2024"
Personal loan origination fees and other fees to watch out for,loans,https://www.bankrate.com//loans/personal-loans/how-bad-credit-personal-loan-fees-work/,"Look for origination fees, late fees and NSF fees when comparing bad credit loans.","May 14, 2024"
The best home improvement apps,loans,https://www.bankrate.com//loans/home-improvement/apps/,"Conceiving, planning and making DIY projects easier is just a smartphone away.","Apr 03, 2024"
Co-signer rights & responsibilities: How co-signing works,loans,https://www.bankrate.com//loans/personal-loans/im-a-loan-co-signer-what-are-my-rights/,"If you’re considering cosigning a loan, know your rights and responsibilities.","Apr 30, 2024"
Unsecured motorcycle loans: How they work & where to find them,loans,https://www.bankrate.com//loans/personal-loans/unsecured-motorcycle-loan/,The process of getting an unsecured motorcycle loan shouldn’t hold you back from riding free.,"Mar 25, 2024"
Are personal loans taxable? How personal loans affect your tax return,loans,https://www.bankrate.com//loans/personal-loans/do-personal-loans-affect-your-tax-return/,"Personal loans are not typically taxable, because they’re a debt, not income.","Apr 08, 2024"
Are people doing spring financial cleaning using personal loans in your state?,loans,https://www.bankrate.com//loans/personal-loans/personal-loan-spring-cleaning/,Spring is a time to shake off winter — and that includes tidying up finances.,"Mar 25, 2024"
3 steps to choosing a small dollar loan & 3 alternatives,loans,https://www.bankrate.com//loans/personal-loans/how-to-choose-a-small-dollar-loan/,"Check terms, amounts, funding times and cost, to pick the best small dollar loan.","Apr 06, 2024"
Can you take out a second personal loan?,loans,https://www.bankrate.com//loans/personal-loans/get-a-2nd-personal-loan/,Lenders have varying policies when it comes to repeat customers.,"Mar 22, 2024"
Best credit counseling services,loans,https://www.bankrate.com//loans/personal-loans/credit-counseling-services/,These credit counseling companies can help you get much-needed financial relief.,"Jun 25, 2024"
Personal loan default: What it is and how to get out of it,loans,https://www.bankrate.com//loans/personal-loans/what-is-a-personal-loan-default/,A personal loan default hurts your credit score. Here’s how to avoid it.,"May 08, 2024"
Lying on a personal loan application is a bad idea,loans,https://www.bankrate.com//loans/personal-loans/bad-idea-lying-on-a-personal-loan-application/,Lying on a personal loan application may lead to serious financial and legal issues.,"Apr 08, 2024"
What is an installment loan & how does it work? Know the basics,loans,https://www.bankrate.com//loans/personal-loans/what-is-an-installment-loan/,Installment loans are a type of financing that has fixed interest rates and are paid back over a set number of months.,"Aug 06, 2024"
Can you pay taxes with a personal loan?,loans,https://www.bankrate.com//taxes/pay-tax-bill-with-personal-loan/,"You may be able to pay taxes with a loan, but you should find out if it’s the best option before doing so.","Jun 05, 2024"
How to get an RV loan: 3 steps for financing an RV,loans,https://www.bankrate.com//loans/personal-loans/how-to-qualify-for-an-rv-loan/,"If you need an RV loan to pay for your recreational vehicle, you need to meet certain qualifications to find a lender.","Jun 03, 2024"
What is a signature loan and how does it work?,loans,https://www.bankrate.com//loans/personal-loans/what-is-a-signature-loan-and-how-does-it-work/,A signature loan can be the right kind of personal loan in several situations.,"Jun 05, 2024"
How to make debt work for you: Build wealth with a personal loan,loans,https://www.bankrate.com//loans/personal-loans/how-to-use-a-personal-loan-to-make-money/,Find out how personal loans can help you build wealth in three steps.,"Jun 03, 2024"
"How to get a $100,000 personal loan: 5 tips worth knowing",loans,https://www.bankrate.com//loans/personal-loans/100-000-personal-loan/,"To get a $100,000 personal loan, you will need to meet the requirements and find a lender with that high of loan options.","Sep 16, 2024"
How to get an emergency loan in 5 simple steps,loans,https://www.bankrate.com//loans/personal-loans/how-to-get-an-emergency-loan/,"To get an emergency loan, you’ll need credit, income and debt information.","Aug 06, 2024"
The biggest pros and cons of personal loans for bad credit,loans,https://www.bankrate.com//loans/personal-loans/pros-and-cons-of-bad-credit-loans/,Consider the benefits and drawbacks to decide if a bad credit loan is a good fit.,"Aug 29, 2024"
How do you qualify for a debt consolidation loan?,loans,https://www.bankrate.com//loans/personal-loans/how-do-you-qualify-for-a-debt-consolidation-loan/,Is debt consolidation right for you? See how to qualify.,"Sep 16, 2024"
Should I get a personal loan? 9 top reasons to consider,loans,https://www.bankrate.com//loans/personal-loans/reasons-to-get-a-personal-loan/,Emergency expense? Big move? A personal loan can help.,"Jun 04, 2024"
Critical factors to consider when taking out payday loans amidst soaring inflation,loans,https://www.bankrate.com//loans/personal-loans/payday-loans-during-inflation/,"If you are looking into payday loans to make ends meet during inflation, you may want to find less expensive alternatives instead.","Jun 12, 2024"
Red flags of peer-to-peer lending,loans,https://www.bankrate.com//loans/personal-loans/red-flags-of-peer-to-peer-lending/,Steer clear if you notice these warning signs when considering P2P lending.,"Mar 06, 2024"
What you need to know about payday loans,loans,https://www.bankrate.com//loans/personal-loans/payday-loans/,"Payday loans can be tempting, but they can also create a vicious cycle of debt.","Jun 11, 2024"
Passbook loans: Paying to borrow your own money,loans,https://www.bankrate.com//loans/personal-loans/passbook-loans/,"If you’re looking for a low-cost loan, ask your bank if it offers passbook loans.","Aug 02, 2024"
"What is a share-secured loan, and how does it work?",loans,https://www.bankrate.com//loans/personal-loans/what-is-a-shared-secured-loan/,"With flexible terms and lower rates, this tool can be good for building credit.","Mar 14, 2024"
How do secured loans work? Types & what to know about default,loans,https://www.bankrate.com//loans/personal-loans/what-is-a-secured-loan/,A secured loan is one way to score a lower interest rate.,"Aug 06, 2024"
What happens when you can’t repay a payday loan?,loans,https://www.bankrate.com//loans/personal-loans/what-happens-when-you-cant-repay-a-payday-loan/,"When you can’t repay a payday loan, several things are likely to happen as a result.","Mar 14, 2024"
Should you use a personal loan to invest and build wealth?,loans,https://www.bankrate.com//loans/personal-loans/personal-loans-for-investing/,"Some personal loans may be used for investing, but it’s not always a wise idea.","Aug 01, 2024"
Personal loans vs. home equity loans: Which is right for you?,loans,https://www.bankrate.com//loans/personal-loans/personal-loans-vs-home-equity-loans/,Compare personal loans and home equity loans to see which is best for your finances.,"Sep 04, 2024"
How to pay for moving expenses: 4 options to consider,loans,https://www.bankrate.com//loans/personal-loans/how-to-pay-for-relocation-costs/,Moving is one of the most stressful life events you can endure — especially if you aren’t confident you can afford it.,"Mar 06, 2024"
What are instant loans? Everything you need to know,loans,https://www.bankrate.com//loans/personal-loans/instant-loans/,Consider some alternatives before getting an instant loan.,"Apr 08, 2024"
Low-income loans: Personal loans for a tight budget,loans,https://www.bankrate.com//loans/personal-loans/low-income-loans-personal-loans-for-a-tight-budget/,Low-income loans exist but great rates are rarer.,"Jun 12, 2024"
Common personal loan myths — and the actual facts you should know,loans,https://www.bankrate.com//loans/personal-loans/personal-loan-myths/,"Personal loans have grown in popularity. In these cities, you’ll find the best rates.","Apr 12, 2024"
Pros and cons of small dollar loans: What to know before applying,loans,https://www.bankrate.com//loans/personal-loans/pros-and-cons-of-small-dollar-loans/,Know the pros and cons of small dollar loans before applying.,"Apr 15, 2024"
"How to get a $20,000 personal loan",loans,https://www.bankrate.com//loans/personal-loans/20000-personal-loan/,"Before you take out a $20,000 personal loan, be aware of eligibility requirements, where to find one and how to estimate your total costs.","Sep 16, 2024"
Can I get a loan with a 550 credit score?,loans,https://www.bankrate.com//loans/personal-loans/can-i-get-a-loan-with-a-550-credit-score/,Learn how to get a loan with a credit score of 550.,"Jul 08, 2024"
"Survey: 56% of buy now, pay later users have experienced issues like overspending and missing payments",loans,https://www.bankrate.com//loans/personal-loans/buy-now-pay-later-survey/,"Bankrate’s survey on buy now, pay later services reveals commonly experienced problems.","Apr 11, 2024"
"How to get a $50,000 personal loan: Check out these lenders",loans,https://www.bankrate.com//loans/personal-loans/50-000-personal-loan/,"If you want a $50,000 personal loan, you need to keep eligibility and possible lenders in mind.","Sep 16, 2024"
What is a good credit personal loan? And how do you qualify for one?,loans,https://www.bankrate.com//loans/personal-loans/what-is-a-good-credit-personal-loan/,A credit score of 670 or higher means you’re likely eligible for a good credit loan.,"Jun 12, 2024"
Choosing a debt consolidation lender: How to find the best,loans,https://www.bankrate.com//loans/personal-loans/choosing-the-best-debt-consolidation-lender/,Here’s how to choose a debt consolidation loan that will help you save.,"Jun 12, 2024"
How does my credit score affect my loan chances?,loans,https://www.bankrate.com//loans/personal-loans/how-does-credit-score-affect-loan-chances/,"The better your score, the more likely you are to get a low interest rate.","Feb 29, 2024"
What to do if you are denied a loan: Reasons for denials & ways to improve,loans,https://www.bankrate.com//loans/personal-loans/what-to-do-if-you-are-denied-a-loan/,"If you get denied after applying for a personal loan, these are the steps you should take next to improve your chances of acceptance.","Jun 12, 2024"
How does payment deferral work for personal loans?,loans,https://www.bankrate.com//loans/personal-loans/how-personal-loan-deferment-works/,Personal loan deferment may be your best option. Find out if it’s right for you.,"Mar 20, 2024"
Are home improvement loans tax deductible?,loans,https://www.bankrate.com//loans/personal-loans/are-home-improvement-loans-tax-deductible/,Home improvement loans are tax deductible under these specific circumstances.,"Feb 29, 2024"
How to get friends and family to pay you back for a personal loan,loans,https://www.bankrate.com//loans/personal-loans/get-personal-loan-paid-back-from-friends-or-family/,Asking someone close to you to repay a loan can be touchy. Here are tips for making it easier.,"Feb 29, 2024"
Discover vs. SoFi: Which offers better personal loans?,loans,https://www.bankrate.com//loans/personal-loans/discover-vs-sofi/,Discover and SoFi are both good personal loan options for good-credit borrowers.,"Mar 14, 2024"
Auto equity loans: What they are and who they’re best for,loans,https://www.bankrate.com//loans/personal-loans/auto-equity-loan/,Rates are likely better than a personal loan — but it puts your car at risk.,"Mar 05, 2024"
What you need to know about medical loans,loans,https://www.bankrate.com//loans/personal-loans/medical-loans/,Weigh the pros and cons to see if a medical loan is the right product for you.,"Feb 29, 2024"
Personal loans: Are they taxable income?,loans,https://www.bankrate.com//loans/personal-loans/are-personal-loans-taxable-and-considered-income/,What to know about the tax impacts of personal loans,"Feb 29, 2024"
What is an excellent-credit personal loan?,loans,https://www.bankrate.com//loans/personal-loans/what-is-an-excellent-credit-personal-loan/,Personal loan borrowers with credit scores over 800 can expect low rates and fees.,"Feb 29, 2024"
What is a CD loan?,loans,https://www.bankrate.com//loans/personal-loans/secure-personal-loan-with-cd/,"A CD serves as collateral for this loan, but watch for restrictions.","Aug 06, 2024"
Pet financing: Should you get a pet loan?,loans,https://www.bankrate.com//loans/personal-loans/pet-loans/,"Owning a pet can be expensive. Setting aside funds for your pet’s needs from everyday expenses to unexpected medical costs is important. This is especially true if you have or are looking for a service, [...]","Aug 01, 2024"
Personal loans vs. credit cards: Which is better for you?,loans,https://www.bankrate.com//loans/personal-loans/personal-loan-versus-a-credit-card/,Personal loans and credit cards are both viable ways to access funds.,"Feb 20, 2024"
Payday loan consolidation: What it is and how it works,loans,https://www.bankrate.com//loans/personal-loans/payday-loan-consolidation/,This strategy may help you pay off your debt over time and at a lower interest rate.,"Feb 29, 2024"
What is Rule of 78 and how can it impact loans?,loans,https://www.bankrate.com//loans/personal-loans/rule-of-78/,The Rule of 78 can hurt borrowers looking to pay debt off early.,"Feb 29, 2024"
Financially preparing for a baby,loans,https://www.bankrate.com//loans/personal-loans/financially-preparing-for-a-baby/,"Having a baby typically costs thousands of dollars. To help you prepare, be aware of the costs ahead of time.","Feb 29, 2024"
Wedding loans: How to finance wedding costs,loans,https://www.bankrate.com//loans/personal-loans/wedding-loan/,Wedding loans can help you pay for your dream day but understand the cons.,"Feb 23, 2024"
Personal loan vs. personal line of credit: What’s the difference?,loans,https://www.bankrate.com//loans/personal-loans/personal-loan-line-of-credit/,Here’s how to decide which type of unsecured debt is best for your situation.,"Feb 29, 2024"
Credit unions offering personal loans: What to expect,loans,https://www.bankrate.com//loans/personal-loans/credit-unions-offering-personal-loans/,"Credit unions offer many advantages, including for those looking for a personal loan.","Feb 22, 2024"
Personal loan vs. the store’s no-interest loan for furniture,loans,https://www.bankrate.com//loans/personal-loans/personal-loan-vs-no-interest-furniture-loan/,No-interest furniture loans are very enticing. Consider the downside before getting one.,"Aug 01, 2024"
Municipal Credit Union vs. PenFed: Which offers better personal loans?,loans,https://www.bankrate.com//loans/personal-loans/municipal-credit-union-vs-penfed/,"Their personal loans are similar, so look for member benefits to pick the best one.","May 28, 2024"
Common types of installment loans and their best uses,loans,https://www.bankrate.com//loans/personal-loans/most-common-types-of-installment-loans/,"Unlike credit cards, installment loans are close-ended debt products.","May 24, 2024"
"Young adults are struggling with overspending — buy now, pay later is making it worse",loans,https://www.bankrate.com//loans/personal-loans/young-americans-overspending-with-bnpl/,"Young adults are being tempted to buy more in part due to buy now, pay later services.","May 29, 2024"
Old National Bank vs. Happy Money: Which offers better personal loans?,loans,https://www.bankrate.com//loans/personal-loans/old-national-bank-vs-happy-money/,Consolidate your debt or borrow for a big expense with either of these two lenders.,"May 24, 2024"
Types of home improvement loans to fit your project,loans,https://www.bankrate.com//loans/personal-loans/types-of-home-improvement-loans/,Consider the ins and outs of each option to determine which best fits your needs.,"May 24, 2024"
How to get a personal loan in 9 steps,loans,https://www.bankrate.com//loans/personal-loans/how-to-get-personal-loan/,Borrowers have a few places to turn to for personal loans. Here’s what to know.,"Jun 03, 2024"
How does a personal loan affect your credit score?,loans,https://www.bankrate.com//loans/personal-loans/how-open-personal-loan-affects-credit/,"Do personal loans hurt your credit? They can, but they also bring other benefits.","May 24, 2024"
Can you use a personal loan to buy a car?,loans,https://www.bankrate.com//loans/personal-loans/can-you-use-personal-loan-to-buy-car/,"Yes, you can use a personal loan to buy a car.","Sep 06, 2024"
How to get a home improvement loan in 4 simple steps,loans,https://www.bankrate.com//loans/personal-loans/how-to-apply-for-a-home-improvement-loan/,Understanding your options and finances are key to getting a home improvement loan.,"Jun 03, 2024"
"How to get a $5,000 personal loan",loans,https://www.bankrate.com//loans/personal-loans/how-to-get-a-5000-personal-loan/,"If you need a few thousand dollars to cover an emergency or expense, a $5,000 personal loan may be a good way to get what you need.","May 28, 2024"
Earnest vs. Avant: Which offers better personal loans?,loans,https://www.bankrate.com//loans/personal-loans/avant-vs-earnest/,Compare lenders with Earnest or apply directly for a bad credit loan with Avant.,"Jul 08, 2024"
Disability Loans: What Are They and How Do They Work?,loans,https://www.bankrate.com//loans/personal-loans/disability-loans/,Disability loans can help with funding while you wait to get disability benefits.,"Feb 19, 2024"
Avant vs. Upgrade: Which offers better personal loans?,loans,https://www.bankrate.com//loans/personal-loans/avant-vs-upgrade/,"Avant is good for bad credit, but Upgrade is better for debt consolidation.","Jul 08, 2024"
How much an adoption costs and 4 ways to pay for it,loans,https://www.bankrate.com//loans/personal-loans/affording-adoption-cost/,How much does it cost to adopt a child?,"Aug 06, 2024"
How and where to finance your engagement ring in 2024,loans,https://www.bankrate.com//loans/personal-loans/financing-engagement-rings/,Financing for engagement rings is available no matter the cost of your dream ring.,"Aug 01, 2024"
How interest rate changes affect debt,loans,https://www.bankrate.com//loans/personal-loans/how-interest-rates-affect-debt/,Your interest rates influence your debt.,"Aug 01, 2024"
What is peer-to-peer (P2P) lending?,loans,https://www.bankrate.com//loans/personal-loans/peer-to-peer-lending-vs-bank-loan/,"Peer-to-peer lending is similar to traditional lending, but here’s what to consider.","Sep 10, 2024"
How much does a private jet cost? Prices by type & alternatives,loans,https://www.bankrate.com//loans/personal-loans/how-much-does-a-private-jet-cost/,The purchase price of a private jet is only one element of the overall cost.,"Feb 29, 2024"
Best Egg vs. Laurel Road: Which offers better personal loans?,loans,https://www.bankrate.com//loans/personal-loans/best-egg-vs-laurel-road/,Who’s the better online lender between Best Egg and Laurel Road? Find out here.,"May 31, 2024"
Avant vs. Mariner Finance: Which offers better personal loans?,loans,https://www.bankrate.com//loans/personal-loans/avant-vs-mariner-finance/,Avant vs. Mariner Finance: Which lender is the best fit for you?,"Jul 08, 2024"
Money and marriage: What to talk about before you tie the knot,loans,https://www.bankrate.com//loans/personal-loans/creating-a-financial-plan-before-marriage/,Establish a financial plan with your significant other prior to tying the knot.,"Jun 12, 2024"
Understanding online marketplace lending,loans,https://www.bankrate.com//loans/personal-loans/what-are-online-lending-networks/,"You can check out a few different loan options at once using a marketplace, all online.","Feb 01, 2024"
Earnest vs. LendingClub: Which offers better personal loans?,loans,https://www.bankrate.com//loans/personal-loans/earnest-vs-lendingclub/,Earnest and LendingClub offer personal loans with fair credit in mind.,"Aug 06, 2024"
Axos vs. Happy Money: Which offers better personal loans?,loans,https://www.bankrate.com//loans/personal-loans/axos-vs-happy-money/,Is Axos or Happy Money the better option for a personal loan?,"Jan 29, 2024"
5 best debt consolidation options,loans,https://www.bankrate.com//loans/personal-loans/debt-consolidation-options/,"Digging your way out of deep debt is hard, but there are options.","Sep 12, 2024"
LendingClub Vs. Prosper: Which offers better personal loans?,loans,https://www.bankrate.com//loans/personal-loans/lendingclub-vs-prosper/,LendingClub vs. Prosper: Which lender is best for you?,"Feb 29, 2024"
How debt consolidation loans work,loans,https://www.bankrate.com//loans/personal-loans/how-debt-consolidation-loans-work/,Debt consolidation can help you stay organized and possibly save money.,"Feb 16, 2024"
Fifth Third vs. Laurel Road: Which offers better personal loans?,loans,https://www.bankrate.com//loans/personal-loans/fifth-third-vs-laurel-road/,Fifth Third and Laurel Road offer good personal loans thanks to competitive rates.,"Apr 30, 2024"
Best Egg vs. LightStream: Which offers better personal loans?,loans,https://www.bankrate.com//loans/personal-loans/bestegg-vs-lightstream/,Best Egg vs. LightStream: Which personal loan is best for you?,"May 31, 2024"
Axos vs. LendingClub: Which offers better personal loans?,loans,https://www.bankrate.com//loans/personal-loans/axos-vs-lendingclub/,"Axos Bank is best for borrowers with strong credit scores, and LendingClub accepts co-borrowers.","Feb 29, 2024"
Marcus by Goldman Sachs Personal Loans: 2024 Review,loans,https://www.bankrate.com//loans/personal-loans/reviews/marcus/,Marcus by Goldman Sachs no longer offers personal loans.,"Sep 16, 2024"
Upgrade vs. TD Bank: Which offers better personal loans?,loans,https://www.bankrate.com//loans/personal-loans/upgrade-vs-td-bank/,"Upgrade’s personal loans are more flexible, while TD Bank’s loans are lower cost.","Dec 15, 2023"
Figure personal loan alternatives: 2024 review,loans,https://www.bankrate.com//loans/personal-loans/reviews/figure/,Figure does not offer personal loans.,"Mar 22, 2024"
Capital One personal loans: 2024 review,loans,https://www.bankrate.com//loans/personal-loans/reviews/capital-one/,Good alternatives to Capital One personal loans,"Sep 16, 2024"
How a personal loan can help you recover from holiday credit card debt,loans,https://www.bankrate.com//loans/personal-loans/recover-from-holiday-credit-card-debt/,Can a personal loan can help you recover from holiday credit card debt?,"Mar 18, 2024"
Achieve vs. Upgrade: Which offers better personal loans?,loans,https://www.bankrate.com//loans/personal-loans/achieve-vs-upgrade/,"Achieve is best for consolidating debt, while Upgrade is best for emergencies.","Jan 03, 2024"
Bank of America personal loans: 2024 review,loans,https://www.bankrate.com//loans/personal-loans/reviews/bank-of-america/,Bank of America does not offer personal loans.,"Sep 16, 2024"
Stilt personal loans: 2024 Review,loans,https://www.bankrate.com//loans/personal-loans/reviews/stilt/,"Stilt doesn’t offer personal loans, so look at these similar alternatives.","Mar 22, 2024"
Barclays personal loans: 2024 Review,loans,https://www.bankrate.com//loans/personal-loans/reviews/barclays/,Barclays does not offer personal loans.,"Apr 24, 2024"
Achieve vs. Municipal Credit Union: Which offers better personal loans?,loans,https://www.bankrate.com//loans/personal-loans/achieve-vs-municipal-credit-union/,Achieve and Municipal Credit Union offer similar loans but total cost differs.,"Dec 13, 2023"
What is a small dollar loan and how does it work?,loans,https://www.bankrate.com//loans/personal-loans/what-is-a-small-dollar-loan/,"Small dollar loans have maximums up to $2,500 are made for people with low credit.","Jan 12, 2024"
"As loan default rates remain steady, many young borrowers are unaware of what this means",loans,https://www.bankrate.com//loans/personal-loans/most-consumers-dont-know-about-loan-default/,Almost Everyone I Asked Didn’t Know What Loan Default Is: Why This Is An Issue,"Mar 25, 2024"
American Express vs. Wells Fargo: Which offers better personal loans?,loans,https://www.bankrate.com//loans/personal-loans/american-express-vs-wells-fargo/,Is Wells Fargo or American Express better for personal loans? Here’s how they differ.,"Aug 06, 2024"
Discover vs. Old National Bank: Which offers better personal loans?,loans,https://www.bankrate.com//loans/personal-loans/discover-vs-old-national-bank/,"Discover offers larger loans, but Old National Bank offers joint loan applications.","Jan 18, 2024"
PenFed vs. LightStream: Which offers better personal loans?,loans,https://www.bankrate.com//loans/personal-loans/penfed-vs-lightstream/,"PenFed and LightStream feature flexible personal loan products with attractive terms. Both are ideal for borrowers with good-to-excellent credit. However, they do have some differences that set them apart. [...]","Jan 19, 2024"
Can businesses use personal loans?,loans,https://www.bankrate.com//loans/small-business/can-businesses-use-personal-loans/,Using a personal loan for your business has it benefits and drawbacks.,"Sep 16, 2024"
Laurel Road vs. SoFi: Which offers better personal loans?,loans,https://www.bankrate.com//loans/personal-loans/laurel-road-vs-sofi/,"Laurel Road and SoFi are online lenders that offer personal loans with similar competitive APR ranges. Established in 2013, Laurel Road is a digital banking platform that offers various financial products [...]","Apr 30, 2024"
When will personal loan interest rates start dropping?,loans,https://www.bankrate.com//loans/personal-loans/when-will-personal-loan-rates-go-down/,"The Federal Reserve has finally shown the signs of a rate plateau. However, interest rates are still breaking records, and it’s not a given that personal loan rates will fall anytime soon. While the [...]","Mar 21, 2024"
Alternative loans for fair credit borrowers,loans,https://www.bankrate.com//loans/personal-loans/alternative-loans-for-fair-credit-borrowers/,"Consider credit cards, lines of credit and other options when you need financing.","Mar 21, 2024"
Discover vs. Achieve: Which offers better personal loans?,loans,https://www.bankrate.com//loans/personal-loans/discover-vs-achieve/,Discover and Achieve are online personal loan companies that offer midsize loans.,"Jan 18, 2024"
Secured vs unsecured debt consolidation loan: Which is better?,loans,https://www.bankrate.com//loans/personal-loans/secured-vs-unsecured-debt-consolidation-loan/,Secured and unsecured loans can both operate as debt consolidation loans.,"May 14, 2024"
What personal loan complaints reveal,loans,https://www.bankrate.com//loans/personal-loans/what-personal-loan-complaints-tell-us/,The Consumer Financial Protection Bureau is now taking complaints about online personal loans. Here’s what consumers have had to say.,"Mar 21, 2024"
Does your loan purpose matter? Yes — here’s how much,loans,https://www.bankrate.com//loans/personal-loans/does-loan-purpose-matter/,"The reason you get a loan is personal, but it could affect which lender you select.","May 13, 2024"
Americans cutting back on home improvement projects due to rising costs,loans,https://www.bankrate.com//loans/personal-loans/americans-cutting-back-on-home-improvements-due-to-rising-costs/,"U.S. inflation hit a record high back in June of last year, making everything from food to gas more expensive. Although things have slowed down since then, economists predict that high inflation could [...]","Jun 05, 2024"
Best short-term loans: Personal loans with no prepayment penalty,loans,https://www.bankrate.com//loans/personal-loans/personal-loans-with-no-prepayment-fees/,Short-term loans come with high interest rates. A personal loan with no repayment penalty can be a much more affordable option.,"Aug 06, 2024"
What to know about getting a personal loan with a co-signer,loans,https://www.bankrate.com//loans/personal-loans/personal-loan-with-co-signer/,"Before getting a personal loan with a cosigner, consider its impacts.","Jul 06, 2023"
Should I take out a personal loan when interest rates are rising?,loans,https://www.bankrate.com//loans/personal-loans/rising-interest-rates-personal-loans/,"Despite rising rates, a personal loan might still be right for you. Here’s why.","Jul 14, 2023"
7 low-income loans: Personal loans for a tight budget,loans,https://www.bankrate.com//loans/personal-loans/top-low-income-loans-personal-loans-for-a-tight-budget/,Even people with low incomes can find personal loans.,"Mar 29, 2024"
When is a good time to take out a loan?,loans,https://www.bankrate.com//loans/personal-loans/when-is-a-good-time-to-get-a-loan/,The best time to take out a loan depends on your financial standing.,"Mar 21, 2024"
"$15,000 personal loans: Everything you need to know",loans,https://www.bankrate.com//loans/personal-loans/15000-personal-loans/,"Before you apply for a $15,000 personal loan, know if you are eligible and how much it will cost over time.","Sep 16, 2024"
What is a holiday loan?,loans,https://www.bankrate.com//loans/personal-loans/holiday-loans/,"Holiday loans let you stretch your gift-buying budget, but that doesn’t mean they’re a good idea.","Aug 01, 2024"
Americans to slash holiday budgets due to inflation,loans,https://www.bankrate.com//loans/personal-loans/americans-slash-holiday-budgets-due-to-inflation/,Americans to cut back on holiday spending due to rising costs,"Nov 22, 2023"
TD Bank vs. Prosper: Which offers better personal loans?,loans,https://www.bankrate.com//loans/personal-loans/td-bank-vs-prosper/,"TD Bank’s loans are best for good credit, while Prosper’s are best for fair credit.","Dec 11, 2023"
Where to get a personal loan,loans,https://www.bankrate.com//loans/personal-loans/where-can-i-get-personal-loan/,Your credit score could decide the type of lender you should choose for a personal loan.,"Dec 11, 2023"
Financing a home renovation during the holiday season,loans,https://www.bankrate.com//loans/personal-loans/holiday-season-home-renovations/,"Along with all the cheer, holiday events can cause damage that necessitate home renovations.","Jun 12, 2024"
PNC Bank vs. TD Bank: Which offers better personal loans?,loans,https://www.bankrate.com//loans/personal-loans/pnc-bank-vs-td-bank/,PNC Bank and TD Bank are large regional banks offering personal loans. TD Bank offers a wide range of financial products and serves almost 10 million consumers and has physical locations mostly along the [...],"Dec 11, 2023"
Wells Fargo vs. PNC: Which offers better personal loans?,loans,https://www.bankrate.com//loans/personal-loans/wells-fargo-vs-pnc-bank/,"As two nationally recognized and established banks in the U.S., it can be difficult to decide whether a personal loan from Wells Fargo or PNC is a better fit. While it can be better to borrow from the [...]","Dec 11, 2023"
Upgrade vs. Fifth Third: Which offers better personal loans?,loans,https://www.bankrate.com//loans/personal-loans/upgrade-vs-fifth-third/,"Upgrade and Fifth Third are both reputable financial institutions that offer affordable personal loans to people with good to excellent credit. While both companies provide competitive products and features, [...]","Dec 11, 2023"
What is a personal line of credit and how does it work?,loans,https://www.bankrate.com//loans/personal-loans/borrowing-with-personal-lines-of-credit/,Taking out a personal line of credit is different from obtaining a personal loan.,"Aug 06, 2024"
Personal loans don’t have to be spooky,loans,https://www.bankrate.com//loans/personal-loans/loan-borrower-fears/,Personal loans don’t have to be spooky,"Dec 06, 2023"
The history of women and loans,loans,https://www.bankrate.com//loans/personal-loans/history-of-women-and-loans/,Gender bias has long  impacted women’s access to affordable loans and credit.,"Sep 19, 2023"
"As loans and credit card balances grow to record highs, consolidation loan balances see major spike",loans,https://www.bankrate.com//loans/personal-loans/debt-consolidation-loans-see-spike/,Debt consolidation sees a spike as credit card balances grow,"Mar 18, 2024"
First Tech vs. PenFed: Which offers better personal loans?,loans,https://www.bankrate.com//loans/personal-loans/first-tech-vs-penfed/,Compare rates and terms offered by two top credit unions: First Tech and PenFed.,"Feb 26, 2024"
Debt is about to get more expensive: What to do if you’re struggling with payments,loans,https://www.bankrate.com//loans/personal-loans/debt-is-about-to-get-more-expensive/,Consolidating or applying for relief could make credit card debt more manageable.,"Sep 08, 2023"
First Tech vs. LendingClub: Which offers better personal loans?,loans,https://www.bankrate.com//loans/personal-loans/first-tech-vs-lendingclub/,First Tech and LendingClub offer personal loans — but First Tech has lower rates.,"Feb 26, 2024"
CFPB sues installment loan company for alleged aggressive and illegal practices,loans,https://www.bankrate.com//loans/personal-loans/cfpb-sues-installment-loan-company-for-alleged-aggressive-and-illegal-practices/,The CFPB has sued an installment loan company for alleged aggressive and illegal practices,"Aug 30, 2023"
Is right now a good time to get a home improvement loan?,loans,https://www.bankrate.com//loans/personal-loans/is-it-a-good-time-to-get-a-home-improvement-loan/,Most consumers may want to exercise caution around taking out a home improvement loan.,"Mar 18, 2024"
CFPB proposes billion-dollar settlement against national credit repair entities,loans,https://www.bankrate.com//loans/personal-loans/cfpb-reaches-settlement-against-credit-repair-entities/,A settlement was proposed against entities like Lexington Law and CreditRepair.com.,"Aug 30, 2023"
Upstart vs. Personify: Which offers better personal loans?,loans,https://www.bankrate.com//loans/personal-loans/upstart-vs-personify/,Upstart and Personify are both lenders that cater to low-credit borrowers.,"Sep 27, 2023"
What is crypto lending and how does it work?,loans,https://www.bankrate.com//loans/personal-loans/cryptocurrency-lending/,"Crypto lending is an option for borrowers who need money fast, but it has risks.","Aug 11, 2023"
How to boost your personal loan approval odds: 5 tips,loans,https://www.bankrate.com//loans/personal-loans/boost-chances-of-personal-loan-approval/,Take steps to increase the likelihood you’ll be approved for a personal loan.,"Apr 29, 2024"
"Congress agrees on debt ceiling increase, narrowly avoiding massive interest rate increase",loans,https://www.bankrate.com//loans/personal-loans/debt-default-ceiling-increase/,The U.S. is no longer at risk of debt default.,"Aug 01, 2024"
Debt consolidation loan vs. balance transfer credit card,loans,https://www.bankrate.com//loans/personal-loans/balance-transfer-credit-card-vs-personal-loan/,"With debt consolidation, you ultimately need a plan in order to tackle your debt.","Aug 01, 2024"
Out-of-pocket healthcare: Average costs and how to finance them,loans,https://www.bankrate.com//loans/personal-loans/out-of-pocket-healthcare-average-costs-and-how-to-finance-them/,"Even with insurance, healthcare events can involve large out-of-pocket costs.","Aug 02, 2024"
How does debt consolidation affect my monthly payments?,loans,https://www.bankrate.com//loans/personal-loans/how-does-debt-consolidation-affect-monthly-payments/,How does debt consolidation affect monthly payments?,"Jun 20, 2023"
Living debt free and how to get there,loans,https://www.bankrate.com//loans/personal-loans/living-debt-free/,Living debt free and how to get there and stay there,"Jul 16, 2024"
How the banking crisis could impact borrowers,loans,https://www.bankrate.com//loans/personal-loans/how-the-banking-crisis-could-impact-borrowers/,The banking crisis has made lenders more conservative making it harder to secure affordable loans.,"Dec 13, 2023"
OneMain Financial required to pay $20 million for illegal sales practices,loans,https://www.bankrate.com//loans/personal-loans/onemain-to-pay-for-illegal-practices/,OneMain Financial required to pay $20 million for illegal sales practices,"Jan 22, 2024"
My dog needed emergency care and it cost me thousands: Here’s what I learned,loans,https://www.bankrate.com//loans/personal-loans/paying-for-vet-bill/,Emergency pet care can be costly – here’s what to know.,"May 23, 2023"
Will loan interest rate caps harm financial well-being?,loans,https://www.bankrate.com//loans/personal-loans/will-rate-caps-harm-financial-well-being/,Will loan interest rate caps harm financial well-being?,"Apr 17, 2023"
Loans vs. credit cards: Which is best for holiday shopping?,loans,https://www.bankrate.com//loans/personal-loans/personal-loan-vs-credit-card-for-holidays/,"Loans and credit cards can help you pay for holiday gifts, but there’s cons to each.","Nov 02, 2023"
Should you use savings or a personal loan to travel over the holidays?,loans,https://www.bankrate.com//loans/personal-loans/personal-loan-vs-savings-for-travel/,Consider low-cost options if you absolutely need to use a loan for travel.,"Aug 01, 2024"
Self-employed statistics,loans,https://www.bankrate.com//loans/personal-loans/personal-loan-for-self-employed/,Self-employed individuals vary by their industry and work.,"Oct 26, 2023"
Is the holiday season a good time to consolidate debt?,loans,https://www.bankrate.com//loans/personal-loans/should-you-consolidate-debt-during-holidays/,"Tackling debt during the holidays can be hard, but there may be some benefits.","Aug 01, 2024"
SoFi vs. Prosper: Which personal loan lender is right for you?,loans,https://www.bankrate.com//loans/personal-loans/sofi-vs-prosper/,"If you are trying to decide between two lenders, compare what they have in common and where they are different.","Sep 16, 2024"
Take it slow on a personal loan for a horse,loans,https://www.bankrate.com//loans/personal-loans/loan-to-purchase-horse/,Tighten the reins before you race to get a personal loan for a horse. There are pitfalls.,"May 31, 2024"
Borrow money safely in crisis: Bankrate’s 2023 analysis,loans,https://www.bankrate.com//loans/personal-loans/borrow-money-in-crises/,Bankrate looks at managing debt in financial crisis,"Aug 01, 2024"
Should I get a personal loan for home improvements?,loans,https://www.bankrate.com//loans/personal-loans/get-personal-loan-for-home-improvements/,"Consider interest rates, secured versus unsecured borrowing and tax benefits.","Mar 21, 2024"
Homeowners concerned about extreme weather and savings,loans,https://www.bankrate.com//loans/personal-loans/homeowners-concerned-about-extreme-weather-and-savings/,46% of homeowners are concerned about setting aside savings for emergency repairs.,"Nov 15, 2023"
"Buy now, pay later statistics",loans,https://www.bankrate.com//loans/personal-loans/buy-now-pay-later-statistics/,"As buy now, pay later options have increased over the last few years, more people are using these to finance purchases.","Oct 12, 2023"
Can you use a personal loan to buy cryptocurrency?,loans,https://www.bankrate.com//loans/personal-loans/can-you-use-a-personal-loan-to-buy-cryptocurrency/,"While you may be able to use a personal loan to buy cryptocurrency, you may not want to.","Dec 21, 2022"
Survey: Only 11% of U.S. homeowners will use loans to cover home improvement projects,loans,https://www.bankrate.com//loans/personal-loans/coronavirus-loans-home-improvement-survey/,"Despite high interest rates, most homeowners are using credit cards for renovations.","Jan 25, 2023"
Holiday spending in 2021,loans,https://www.bankrate.com//loans/personal-loans/holiday-spending/,"In 2021, it’s even more important to be strategic with holiday spending.","Nov 18, 2021"
Get a personal loan today,loans,https://www.bankrate.com//landing/get-a-personal-loan-today/,"Even if SoFi doesn’t offer you the best rate, the perks of being a SoFi member may make up for it.","Feb 27, 2024"
Citizens Bank personal loans: 2022 review,loans,https://www.bankrate.com//loans/personal-loans/reviews/citizens-bank/,"Citizens Bank no longer offers personal loans, but there are alternatives.","Jun 21, 2024"
Payday loan statistics,loans,https://www.bankrate.com//loans/personal-loans/payday-loan-statistics/,Payday loan statistics show factors such as demographics of people most likely to use them.,"Aug 06, 2024"
Financial support for Latino and Hispanic entrepreneurs,loans,https://www.bankrate.com//loans/personal-loans/financial-support-for-latino-and-hispanic-entrepreneurs/,"The biggest barrier facing Latino entrepreneurs is access to funding, but there are several opportunities to get the business capital needed.","Jan 24, 2023"
Secured vs. unsecured personal loans: What you need to know,loans,https://www.bankrate.com//loans/personal-loans/secured-vs-unsecured-personal-loans/,Here are the differences between secured and unsecured personal loans.,"May 14, 2024"
How Goldman Sachs leaving personal loans affects your open loan,loans,https://www.bankrate.com//loans/personal-loans/marcus-goldman-sachs-leaves-personal-loans/,Marcus by Goldman Sachs has left the personal loan lending space. Here’s how it affects you.,"Aug 06, 2024"
The rising purchasing power of women: Facts and statistics,loans,https://www.bankrate.com//loans/personal-loans/purchasing-power-of-women-statistics/,The aftermath of the holiday season can leave many consumers spending above their means. Some shoppers even consider taking out a personal loan to finance larger purchases. Data from Bankrate found that [...],"Jan 04, 2023"
Does applying for a loan hurt your credit score?,loans,https://www.bankrate.com//loans/personal-loans/get-personal-loan-without-damaging-your-credit/,Shopping for a personal loan? Here’s how it affects your credit score.,"May 16, 2024"
A complete guide to coronavirus hardship loans in 2022,loans,https://www.bankrate.com//loans/personal-loans/coronavirus-hardship-loans/,Coronavirus hardship loans offer short-term relief for those who need help.,"Dec 20, 2022"
Heritage travel: How to plan a family ancestry trip,loans,https://www.bankrate.com//loans/personal-loans/heritage-travel/,Learn how to prepare for a trip to learn more about your family’s background.,"Jul 26, 2022"
Plastic surgery financing facts and statistics,loans,https://www.bankrate.com//loans/personal-loans/cost-of-plastic-surgery-statistics/,"Since the pandemic started and Zoom meetings became the new normal, Americans have become increasingly more aware of their appearance. In fact, a recent report by the American Society of Plastic Surgeons [...]","Aug 01, 2024"
