title,tags,link,description,date
How to Get Certified as a Minority-Owned Business,small-business,https://www.nerdwallet.com/article/small-business/how-to-get-certified-as-a-minority-owned-business,,"Sep 16, 2024"
"Marriott Bonvoy Boundless Tweaks Bonus to 125,000 Points [Limited Time]",credit-cards,https://www.nerdwallet.com/article/credit-cards/marriott-bonvoy-boundless-tweaks-bonus-to-125000-points-limited-time,,"Sep 13, 2024"
5 Things to Know About the Klarna Card,credit-cards,https://www.nerdwallet.com/article/credit-cards/klarna-card,,"Sep 02, 2024"
Pawp Review 2024: A Pet Insurance Alternative,,https://www.nerdwallet.com/p/reviews/insurance/pawp-pet-insurance,,"Sep 13, 2024"
"Delta Cards Boost Welcome Offers, Up to 100,000 Miles",credit-cards,https://www.nerdwallet.com/article/credit-cards/delta-cards-boost-welcome-offers-up-to-100000-miles,,"Sep 13, 2024"
4 Social Media Money Trends Worth Knowing About,finance,https://www.nerdwallet.com/article/finance/data-social-media-trends,,"Aug 29, 2024"
How Do Solar Panels Work?,mortgages,https://www.nerdwallet.com/article/mortgages/how-solar-panels-work,,"Sep 16, 2024"
Discover’s 5% Bonus Categories for Q4 2024: Amazon and Target,credit-cards,https://www.nerdwallet.com/article/credit-cards/discovers-5-bonus-categories-for-q4-2024-amazon-and-target,,"Sep 14, 2024"
How To Score In-Demand Hotels During College Football Weekends,travel,https://www.nerdwallet.com/article/travel/how-to-score-in-demand-hotels-during-college-football-weekends,,"Sep 06, 2024"
17 Places to Get Free or Cheap Moving Boxes,mortgages,https://www.nerdwallet.com/article/mortgages/moving-boxes-cheap-free,,"Sep 13, 2024"
Best Business Credit Cards for Balance Transfers of 2024,,https://www.nerdwallet.com/p/best/small-business/balance-transfer-business-credit-cards,,"Sep 13, 2024"
Wyndham Credit Cards Increase Bonus Offers Up to 80K Points,credit-cards,https://www.nerdwallet.com/article/credit-cards/wyndham-credit-cards-increase-bonus-offers-up-to-80k-points,,"Sep 12, 2024"
Security Camera Installation: 4 Mistakes to Avoid,mortgages,https://www.nerdwallet.com/article/mortgages/security-camera-installation,,"Sep 17, 2024"
Smart Money Podcast: Refresh Your Fall Finances: A Money Check-Up and Investment Diversification Deep Dive,finance,https://www.nerdwallet.com/article/finance/smart-money-podcast-refresh-your-fall-finances-a-money-check-up-and-investment-diversification-deep-dive,,"Sep 16, 2024"
What to Do If Your Carbon Monoxide Detector Is Beeping,mortgages,https://www.nerdwallet.com/article/mortgages/carbon-monoxide-alarm-beeping-going-off,,"Sep 13, 2024"
5 Things to Know About the Firstcard Credit Card,credit-cards,https://www.nerdwallet.com/article/credit-cards/firstcard-credit-card,,"Sep 16, 2024"
How Much Does a Home Security System Cost in 2024?,mortgages,https://www.nerdwallet.com/article/mortgages/how-much-does-a-home-security-system-cost,,"Sep 13, 2024"
How to Clean Solar Panels: DIY or Hire Pros?,mortgages,https://www.nerdwallet.com/article/mortgages/solar-panel-cleaning,,"Sep 14, 2024"
5 Things to Know About the Turkish Airlines Credit Card,credit-cards,https://www.nerdwallet.com/article/credit-cards/turkish-airlines-credit-card,,"Sep 14, 2024"
"Chase’s 5% Bonus Categories for Q4 2024: McDonald’s, PayPal, Pet Care, Charities",credit-cards,https://www.nerdwallet.com/article/credit-cards/chases-5-bonus-categories-for-q4-2024-mcdonalds-paypal-pet-care-charities,,"Sep 17, 2024"
The Busiest Travel Days Around Thanksgiving,travel,https://www.nerdwallet.com/article/travel/busiest-travel-days-thanksgiving,,"Sep 03, 2024"
